# Name,        Type, SubType,  Offset,    Size,      Flags
nvs,           data, nvs,      0x9000,    0x11000,
otadata,       data, ota,      0x1a000,   0x2000,
phy_init,      data, phy,      0x1c000,   0x1000,
factory,       app,  factory,  0x20000,   0x300000,
ota_0,         app,  ota_0,    0x320000,  0x300000,
ota_1,         app,  ota_1,    0x620000,  0x300000,
voice_spool,   data, spiffs,   0x920000,  0x100000,
storage,       data, spiffs,   0xa20000,  0x1e0000,
usbflash,      data, fat,      0xc00000,  0x400000,
